Title,Price,Date
Pokémon Charizard Men's Short Sleeve T-Shirt Black Regular/Regular Fit,22.00,2026-04-23
Title,Price,Date
Pokémon Charizard Men's Short Sleeve T-Shirt Black Regular/Regular Fit,22.00,2026-04-23
Title,Price,Date
Pokémon Charizard Men's Short Sleeve T-Shirt Black Regular/Regular Fit,22.00,2026-04-23
Pokémon Charizard Men's Short Sleeve T-Shirt Black Regular/Regular Fit,22.00,2026-04-23
Pokémon Charizard Men's Short Sleeve T-Shirt Black Regular/Regular Fit,22.00,2026-04-23
Pokémon Charizard Men's Short Sleeve T-Shirt Black Regular/Regular Fit,22.00,2026-04-23
Pokémon Charizard Men's Short Sleeve T-Shirt Black Regular/Regular Fit,22.00,2026-04-23
Pokémon Charizard Men's Short Sleeve T-Shirt Black Regular/Regular Fit,22.00,2026-04-23
Pokémon Charizard Men's Short Sleeve T-Shirt Black Regular/Regular Fit,22.00,2026-04-23
Pokémon Charizard Men's Short Sleeve T-Shirt Black Regular/Regular Fit,22.00,2026-04-23
Pokémon Charizard Men's Short Sleeve T-Shirt Black Regular/Regular Fit,22.00,2026-04-23
Pokémon Charizard Men's Short Sleeve T-Shirt Black Regular/Regular Fit,22.00,2026-04-23
Pokémon Charizard Men's Short Sleeve T-Shirt Black Regular/Regular Fit,22.00,2026-04-23
Pokémon Charizard Men's Short Sleeve T-Shirt Black Regular/Regular Fit,22.00,2026-04-23
Pokémon Charizard Men's Short Sleeve T-Shirt Black Regular/Regular Fit,22.00,2026-04-23
Pokémon Charizard Men's Short Sleeve T-Shirt Black Regular/Regular Fit,22.00,2026-04-23
Pokémon Charizard Men's Short Sleeve T-Shirt Black Regular/Regular Fit,22.00,2026-04-23
Pokémon Charizard Men's Short Sleeve T-Shirt Black Regular/Regular Fit,22.00,2026-04-23
Pokémon Charizard Men's Short Sleeve T-Shirt Black Regular/Regular Fit,22.00,2026-04-23
Pokémon Charizard Men's Short Sleeve T-Shirt Black Regular/Regular Fit,22.00,2026-04-23
Pokémon Charizard Men's Short Sleeve T-Shirt Black Regular/Regular Fit,22.00,2026-04-23
Pokémon Charizard Men's Short Sleeve T-Shirt Black Regular/Regular Fit,22.00,2026-04-23
Pokémon Charizard Men's Short Sleeve T-Shirt Black Regular/Regular Fit,22.00,2026-04-23
Pokémon Charizard Men's Short Sleeve T-Shirt Black Regular/Regular Fit,22.00,2026-04-23
Pokémon Charizard Men's Short Sleeve T-Shirt Black Regular/Regular Fit,22.00,2026-04-23
Pokémon Charizard Men's Short Sleeve T-Shirt Black Regular/Regular Fit,22.00,2026-04-23
Pokémon Charizard Men's Short Sleeve T-Shirt Black Regular/Regular Fit,22.00,2026-04-23
Pokémon Charizard Men's Short Sleeve T-Shirt Black Regular/Regular Fit,22.00,2026-04-23
